College,Code
Alabama A & M University,100200
University of Alabama at Birmingham,105200
University of Alabama in Huntsville,105500
Alabama State University,100500
The University of Alabama,105100
Central Alabama Community College,100700
Athens State University,100800
Auburn University at Montgomery,831000
Auburn University,100900
Birmingham-Southern College,101200
Chattahoochee Valley Community College,1218200
Enterprise State Community College,101500
Coastal Alabama Community College,106000
Faulkner University,100300
Gadsden State Community College,101700
George C Wallace Community College-Dothan,101800
George C Wallace State Community College-Hanceville,787100
George C Wallace State Community College-Selma,569900
Huntingdon College,101900
J. F. Drake State Community and Technical College,526000
Jacksonville State University,102000
Jefferson State Community College,102200
John C Calhoun State Community College,101300
Lawson State Community College,105900
University of West Alabama,102400
Lurleen B Wallace Community College,898800
Miles College,102800
University of Mobile,102900
University of Montevallo,100400
Northwest-Shoals Community College,569700
University of North Alabama,101600
Northeast Alabama Community College,103100
Oakwood University,103300
Bishop State Community College,103000
Samford University,103600
Shelton State Community College,569100
Snead State Community College,103800
University of South Alabama,105700
Spring Hill College,104100
Stillman College,104400
Talladega College,104600
H Councill Trenholm State Community College,573400
Troy University,104700
Tuskegee University,105000
Bevill State Community College,573300
University of Alaska Anchorage,1146200
University of Alaska Fairbanks,106300
University of Alaska Southeast,106500
Charter College,2576900
Carrington College-Phoenix North,2100600
Brookline College-Phoenix,2218800
Arizona State University Campus Immersion,108100
Arizona Western College,107100
University of Arizona,108300
Central Arizona College,728300
Cochise County Community College District,107200
Eastern Arizona College,107300
Glendale Community College,107600
Grand Canyon University,107400
GateWay Community College,830300
Mesa Community College,107700
Mohave Community College,1186400
Universal Technical Institute of Arizona Inc-Motorcycle Mechanics Institute Division,2100500
Dine College,824600
Northern Arizona University,108200
Northland Pioneer College,1186200
Phoenix College,107800
Pima Community College,726600
Pima Medical Institute-Tucson,2217100
Refrigeration School Inc,1168900
Rio Salado College,2177500
Scottsdale Community College,830400
South Mountain Community College,2146600
Arizona Christian University,711300
Universal Technical Institute of Arizona Inc,822100
Yavapai College,107900
University of Arkansas at Little Rock,110100
University of Arkansas for Medical Sciences,110900
Lyon College,108800
University of Arkansas,110800
University of Arkansas at Pine Bluff,108600
Arkansas State University-Beebe,109100
Arkansas State University,109000
Arkansas Tech University,108900
University of Arkansas at Monticello,108500
Baptist Health College Little Rock,3105200
Black River Technical College,2052200
University of Central Arkansas,109200
Central Baptist College,109300
Cossatot Community College of the University of Arkansas,2220900
East Arkansas Community College,1226000
National Park College,1210500
University of Arkansas Community College-Batesville,2073500
Harding University,109700
Henderson State University,109800
Hendrix College,109900
John Brown University,110000
Arkansas State University Mid-South,2348200
Arkansas Northeastern College,1286000
North Arkansas College,1226100
Ouachita Baptist University,110200
Ozarka College,2087000
University of the Ozarks,109400
University of Arkansas Community College-Morrilton,524500
Philander Smith College,110300
Phillips Community College of the University of Arkansas,110400
Southeast Arkansas College,570700
University of Arkansas-Pulaski Technical College,2075300
University of Arkansas Hope-Texarkana,573200
University of Arkansas Community College Rich Mountain,2111100
Williams Baptist University,110600
South Arkansas Community College,2074600
Southern Arkansas University Main Campus,110700
Southern Arkansas University Tech,773800
University of Arkansas-Fort Smith,111000
Academy of Art University,753100
College of Alameda,672000
Allan Hancock College,111100
American Career College-Los Angeles,2241800
American River College,123200
Antelope Valley Community College District,111300
Art Center College of Design,111600
Azusa Pacific University,111700
Bakersfield College,111800
Barstow Community College,111900
Biola University,112200
Bryan University,716400
Butte College,807300
Cabrillo College,112400
California Baptist University,112500
California College of the Arts,112700
California Institute of Technology,113100
California Lutheran University,113300
California Polytechnic State University-San Luis Obispo,114300
California State University-Bakersfield,799300
California State University-Stanislaus,115700
California State University-San Bernardino,114200
California State Polytechnic University-Pomona,114400
California State University-Chico,114600
California State University-Dominguez Hills,114100
California State University-Fresno,114700
California State University-Fullerton,113700
California State University-East Bay,113800
California State University-Long Beach,113900
California State University-Los Angeles,114000
California State University-Northridge,115300
California State University-Sacramento,115000
University of California-Berkeley,131200
University of California-Davis,131300
University of California-Irvine,131400
University of California-Los Angeles,131500
University of California-Riverside,131600
University of California-San Diego,131700
University of California-Santa Barbara,132000
University of California-Santa Cruz,132100
California Institute of the Arts,113200
California State University Maritime Academy,113400
Canada College,697300
College of the Canyons,890300
Cerritos College,116100
Cerro Coso Community College,1011100
Chabot College,116200
Chaffey College,116300
Chapman University,116400
Concordia University-Irvine,2070500
Citrus College,116600
City College of San Francisco,450200
Claremont McKenna College,117000
Clovis Adult Education,2309500
Coastline Community College,2063500
University of Silicon Valley,117700
Columbia College,770700
Columbia College Hollywood,2110200
Compton College,4281700
Contra Costa College,119000
Cosumnes River College,753600
Crafton Hills College,927200
Cuesta College,119200
Cuyamaca College,2111300
Cypress College,119300
De Anza College,448000
College of the Desert,118200
Diablo Valley College,119100
Dominican University of California,119600
East Los Angeles College,2226000
El Camino Community College District,119700
Evergreen Valley College,1245200
FIDM-Fashion Institute of Design & Merchandising-Los Angeles,1111200
Feather River Community College District,859700
Foothill College,119900
Fresno City College,130700
Fresno Pacific University,125300
Fullerton College,120100
Gavilan College,120200
Glendale Community College,120300
Glendale Career College,2338500
Golden Gate University,120500
Golden West College,120600
Grossmont College,120800
Hartnell College,120900
Harvey Mudd College,117100
Holy Names University,118300
California State Polytechnic University-Humboldt,114900
Imperial Valley College,121400
Institute for Business and Technology,2128300
Irvine Valley College,2539500
Reedley College,130800
University of La Verne,121600
Laguna College of Art and Design,2330500
Lake Tahoe Community College,1290700
Laney College,126600
Lassen Community College,121700
La Sierra University,121500
Loma Linda University,121800
Long Beach City College,121900
Los Angeles Harbor College,122400
Los Angeles Pierce College,122600
Los Angeles Southwest College,704700
Los Angeles Trade Technical College,122700
Los Angeles Valley College,122800
The Master's University and Seminary,122000
Los Angeles City College,122300
Los Angeles Mission College,1255000
Los Medanos College,1034000
Loyola Marymount University,1164900
College of Marin,117800
Marymount California University,1047400
Mendocino College,1167200
Menlo College,123600
Merced College,123700
Merritt College,126700
Mills College,123800
MiraCosta College,123900
Mission College,2119100
Modesto Junior College,124000
Monterey Peninsula College,124200
Moorpark College,711500
Mt San Antonio College,124500
Mount Saint Mary's University,124300
Mt San Jacinto Community College District,124600
Musicians Institute,2161800
Napa Valley College,124700
National Holistic Institute,2542300
National University,1146000
North-West College-West Covina,1170700
Occidental College,124900
Ohlone College,448100
Orange Coast College,125000
Otis College of Art and Design,125100
Oxnard College,1284200
Hope International University,125200
Concorde Career College-San Diego,793000
Pacific Union College,125800
University of the Pacific,132900
Palo Verde College,125900
Palomar College,126000
Pasadena City College,126100
Pepperdine University,1014900
Pitzer College,117200
Point Loma Nazarene University,126200
Pomona College,117300
Porterville College,126800
Santa Ana College,128400
University of Redlands,132200
College of the Redwoods,118500
Rio Hondo College,126900
Riverside City College,127000
Sacramento City College,123300
Saddleback College,891800
Samuel Merritt University,701200
San Diego City College,127300
San Diego Mesa College,127500
San Diego Miramar College,1182000
San Diego State University,115100
University of San Diego,1039500
San Francisco State University,115400
University of San Francisco,132500
San Joaquin Delta College,128000
San Joaquin Valley College-Visalia,2120700
William Jessup University,128100
San Jose City College,128200
San Jose State University,115500
College of San Mateo,118100
Santa Barbara City College,128500
Santa Clara University,132600
Santa Monica College,128600
Santa Rosa Junior College,128700
Scripps College,117400
College of the Sequoias,118600
Shasta College,128900
Sierra College,129000
Simpson University,129100
College of the Siskiyous,118700
Skyline College,771300
San Bernardino Valley College,127200
Saint Mary's College of California,130200
Solano Community College,129200
Sonoma State University,115600
Vanguard University of Southern California,129300
Concorde Career College-Garden Grove,807100
Southwestern College,129400
University of Southern California,132800
Taft College,130900
United Education Institute-Huntington Park Campus,2559300
Concorde Career College-San Bernardino,853700
Concorde Career College-North Hollywood,760700
Ventura College,133400
Victor Valley College,133500
Berkeley City College,2242700
Walden University,2504200
West Hills College-Coalinga,117600
West Los Angeles College,859600
West Valley College,133800
Carrington College-Sacramento,974800
Westmont College,134100
Whittier College,134200
Woodbury University,134300
Yuba College,134400
Adams State University,134500
Aims Community College,758200
Arapahoe Community College,134600
University of Colorado Denver/Anschutz Medical Campus,450800
University of Colorado Colorado Springs,450900
University of Colorado Boulder,137000
Colorado Christian University,940100
Colorado College,134700
Colorado Mountain College,450600
Colorado Northwestern Community College,135900
Colorado School of Mines,134800
Colorado State University-Fort Collins,135000
Colorado Technical University-Colorado Springs,1014800
Community College of Aurora,2276900
Community College of Denver,954200
University of Denver,137100
Emily Griffith Technical College,559600
Fort Lewis College,135300
Front Range Community College,793300
Colorado Mesa University,135800
Metropolitan State University of Denver,136000
Morgan Community College,998100
Northeastern Junior College,136100
University of Northern Colorado,134900
Otero Junior College,136200
Pikes Peak Community College,889600
Pueblo Community College,2116300
Red Rocks Community College,954300
Regis University,136300
Rocky Mountain College of Art and Design,764900
Colorado State University Pueblo,136500
Pickens Technical College,1287500
Intellitec College-Colorado Springs,2253700
Intellitec College-Grand Junction,3066900
Trinidad State College,136800
United States Air Force Academy,136900
Western Colorado University,137200
Albertus Magnus College,137400
Asnuntuck Community College,1115000
University of Bridgeport,141600
Central Connecticut State University,137800
Charter Oak State College,3234300
Connecticut College,137900
University of Connecticut,141700
Goodwin University,2244900
Eastern Connecticut State University,142500
Fairfield University,138500
Capital Community College,763500
University of Hartford,142200
Housatonic Community College,451300
Manchester Community College,139200
Naugatuck Valley Community College,698200
Middlesex Community College,803800
Mitchell College,139300
Three Rivers Community College,976500
Lincoln Technical Institute-New Britain,730300
University of New Haven,139700
Norwalk Community College,139900
Northwestern Connecticut Community College,139800
Porter and Chester Institute,1077900
Post University,140100
Quinebaug Valley Community College,1053000
Quinnipiac University,140200
Sacred Heart University,140300
University of Saint Joseph,140900
Gateway Community College,803700
Southern Connecticut State University,140600
Stone Academy-West Haven,1242500
Trinity College,141400
Tunxis Community College,976400
United States Coast Guard Academy,141500
Wesleyan University,142400
Western Connecticut State University,138000
Yale University,142600
Delaware Technical Community College-Terry,1172700
Delaware State University,142800
University of Delaware,143100
Goldey-Beacom College,142900
Wesley College,143300
Wilmington University,794800
American University,143400
The Catholic University of America,143700
University of the District of Columbia,144100
Gallaudet University,144300
George Washington University,144400
Georgetown University,144500
Howard University,144800
Strayer University-District of Columbia,145900
Trinity Washington University,146000
Atlantic Technical College,1226300
Barry University,146600
Bethune-Cookman University,146700
Lynn University,150500
Eastern Florida State College,147000
Broward College,150000
College of Central Florida,147100
University of Central Florida,395400
Chipola College,147200
Lorenzo Walker Technical College,1323400
Daytona State College,147500
Eckerd College,148700
Florida SouthWestern State College,147700
Edward Waters University,147800
Embry-Riddle Aeronautical University-Daytona Beach,147900
Florida Agricultural and Mechanical University,148000
Florida Atlantic University,148100
Florida State College at Jacksonville,148400
Flagler College,789300
Concorde Career Institute-Jacksonville,2089600
AdventHealth University,3115500
Florida Institute of Technology,146900
Florida International University,963500
The College of the Florida Keys,148500
Florida Memorial University,148600
Florida Career College-Miami,2305800
Florida Southern College,148800
Florida State University,148900
University of Florida,153500
Full Sail University,2362100
George Stone Technical College,2307400
George T Baker Aviation Technical College,3079800
Gulf Coast State College,149000
Hillsborough Community College,787000
Indian River State College,149300
AI Miami International University of Art and Design,887800
Jacksonville University,149500
Keiser University-Ft Lauderdale,2151900
Florida Gateway College,150100
Lake Technical College,2228300
Lake-Sumter State College,150200
Fort Myers Technical College,755800
Lively Technical College,558500
State College of Florida-Manatee-Sarasota,150400
Manatee Technical College,561200
Miami Lakes Educational Center and Technical College,2316200
Miami Dade College,150600
University of Miami,153600
Orange Technical College-Mid Florida Campus,2501500
North Florida College,150800
University of North Florida,984100
Nova Southeastern University,150900
Northwest Florida State College,151000
Palm Beach Atlantic University,884900
Palm Beach State College,151200
Pasco-Hernando State College,1065200
Pensacola State College,151300
Pinellas Technical College-Clearwater,560500
Polk State College,151400
Ringling College of Art and Design,1257400
Rollins College,151500
Saint Leo University,152600
St Petersburg College,152800
Pinellas Technical College-St. Petersburg,2115300
Santa Fe College,151900
Suncoast Technical College,560700
Seminole State College of Florida,152000
Sheridan Technical College,990200
Saint Johns River State College,152300
South Florida State College,152200
University of South Florida,153700
St. Thomas University,146800
Stetson University,153100
Southeastern University,152100
Tallahassee Community College,153300
The University of Tampa,153800
Valencia College,675000
Warner University,884800
Webber International University,154000
The University of West Florida,395500
Orange Technical College-Westside Campus,2321200
William T McFatter Technical College,3003600
Abraham Baldwin Agricultural College,154100
Agnes Scott College,154200
Interactive College of Technology-Chamblee,2284300
Albany Technical College,560100
Albany State University,154400
The Art Institute of Atlanta,927000
Georgia Career Institute,3005400
Atlanta Technical College,854300
Point University,154700
Atlanta Metropolitan State College,1216500
Clark Atlanta University,155900
Augusta Technical College,559900
Berry College,155400
Brenau University,155600
Brewton-Parker College,155700
College of Coastal Georgia,155800
West Georgia Technical College,1048700
Clayton  State University,897600
Columbus Technical College,562400
Columbus State University,156100
Georgia Northwestern Technical College,402400
Covenant College,348400
Dalton State College,395600
East Georgia State College,1099700
Emmanuel College,156300
Emory University,156400
Georgia Highlands College,950700
Fort Valley State University,156600
Georgia Institute of Technology-Main Campus,156900
Georgia Southwestern State University,157300
Georgia College & State University,160200
Georgia Southern University,157200
Georgia State University,157400
University of Georgia,159800
Gordon State College,157500
Southern Crescent Technical College,562100
Gwinnett Technical College,2288400
LaGrange College,157800
Lanier Technical College,525400
Life University,2074800
Chattahoochee Technical College,562000
Mercer University,158000
Morehouse College,158200
North Georgia Technical College,561900
Oglethorpe University,158600
Piedmont University,158800
Reinhardt University,158900
Savannah Technical College,561800
Savannah College of Art and Design,2141500
Savannah State University,159000
Shorter University,159100
South Georgia Technical College,561700
Spelman College,159400
Thomas University,155500
Toccoa Falls College,159600
Truett McConnell University,159700
Wiregrass Georgia Technical College,525600
Valdosta State University,159900
Wesleyan College,160000
University of West Georgia,160100
Young Harris College,160400
Chaminade University of Honolulu,160500
University of Hawaii at Hilo,161100
University of Hawaii at Manoa,161000
Hawaii Pacific University,727900
Honolulu Community College,161200
Kapiolani Community College,161300
Kauai Community College,161400
Leeward Community College,454900
University of Hawaii Maui College,161500
University of Hawaii-West Oahu,2107800
Windward Community College,1122000
Carrington College-Boise,2218000
Boise State University,161600
College of Eastern Idaho,1113300
Idaho State University,162000
University of Idaho,162600
The College of Idaho,161700
Lewis-Clark State College,162100
North Idaho College,162300
Northwest Nazarene University,162400
Brigham Young University-Idaho,162500
College of Southern Idaho,161900
School of the Art Institute of Chicago,175300
Augustana College,163300
Aurora University,163400
Southwestern Illinois College,163600
Black Hawk College,163800
Bradley University,164100
Carl Sandburg College,726500
Chicago State University,169400
University of Chicago,177400
City Colleges of Chicago-Kennedy-King College,165400
City Colleges of Chicago-Malcolm X College,165000
City Colleges of Chicago-Olive-Harvey College,976700
City Colleges of Chicago-Harry S Truman College,164800
City Colleges of Chicago-Richard J Daley College,164900
City Colleges of Chicago-Harold Washington College,165200
City Colleges of Chicago-Wilbur Wright College,165500
Columbia College Chicago,166500
Concordia University-Chicago,166600
Coyne College,754900
Danville Area Community College,166900
DePaul University,167100
College of DuPage,665600
Eastern Illinois University,167400
Elgin Community College,167500
Elmhurst University,167600
Eureka College,167800
Governors State University,914500
Greenville University,168400
Highland Community College,168100
University of Illinois Chicago,177600
Benedictine University,176700
University of Illinois Urbana-Champaign,177500
Illinois Wesleyan University,169600
Illinois Central College,675300
Illinois College,168800
Olney Central College,174200
Illinois Institute of Technology,169100
Illinois State University,169200
Illinois Valley Community College,170500
John A Logan College,807600
John Wood Community College,1281300
Joliet Junior College,169900
Judson University,170000
Kankakee Community College,769000
Kaskaskia College,170100
Kishwaukee College,768400
Knox College,170400
College of Lake County,769400
Lake Forest College,170600
Lake Land College,764400
Lewis and Clark Community College,1002000
Lewis University,170700
Lincoln College,170900
Lincoln Land Community College,717000
Loyola University Chicago,171000
McHenry County College,769100
McKendree University,172200
Methodist College,622800
Millikin University,172400
Monmouth College,172500
Moody Bible Institute,172700
Moraine Valley Community College,769200
Morton College,172800
National Louis University,173300
North Central College,173400
North Park University,173500
Northern Illinois University,173700
Northwestern University,173900
Northeastern Illinois University,169300
Oakton Community College,989600
Olivet Nazarene University,174100
Parkland College,711800
Prairie State College,164000
Quincy University,174500
Rend Lake College,711900
Richland Community College,1087900
Rock Valley College,174700
Rockford University,174800
Roosevelt University,174900
Dominican University,175000
University of St Francis,166400
Saint Xavier University,176800
University of Illinois Springfield,933300
Sauk Valley Community College,175200
Shawnee Community College,769300
St. Augustine College,2185400
Southeastern Illinois College,175700
Spoon River College,164300
Southern Illinois University-Carbondale,175800
Southern Illinois University-Edwardsville,175900
South Suburban College,176900
Trinity Christian College,177100
Trinity International University-Illinois,177200
Triton College,177300
Waubonsee Community College,693100
Oak Point University,2214100
Western Illinois University,178000
Wheaton College,178100
William Rainey Harper College,396100
Anderson University,178500
Ball State University,178600
Bethel University,178700
Butler University,178800
Calumet College of Saint Joseph,183400
DePauw University,179200
Earlham College,179300
University of Evansville,179500
Franklin College,179800
Goshen College,179900
Grace College and Theological Seminary,180000
Hanover College,180100
Huntington University,180300
Ivy Tech Community College,991700
Purdue University Fort Wayne,182800
Indiana University-Purdue University-Indianapolis,181300
University of Indianapolis,180400
Indiana Institute of Technology,180500
University of Southern Indiana,180800
Indiana State University,180700
Indiana University-Kokomo,181400
Indiana University-South Bend,181600
Indiana University-Bloomington,180900
Indiana University-Northwest,181500
Indiana University-Southeast,181700
Indiana University-East,181100
Lincoln College of Technology-Indianapolis,793800
Manchester University,182000
Marian University,182100
Indiana Wesleyan University-Marion,182200
University of Notre Dame,184000
Oakland City University,182400
Rose-Hulman Institute of Technology,183000
University of Saint Francis-Fort Wayne,183200
Saint Mary-of-the-Woods College,183500
Saint Mary's College,183600
Taylor University,183800
Trine University,183900
Valparaiso University,184200
Vincennes University,184300
Wabash College,184400
Briar Cliff University,184600
Buena Vista University,184700
Central College,185000
Clarke University,185200
Coe College,185400
Cornell College,185600
Des Moines Area Community College,712000
Dordt University,185900
Drake University,186000
University of Dubuque,189100
Ellsworth Community College,186200
Eastern Iowa Community College District,407500
Graceland University-Lamoni,186600
Grand View University,186700
Grinnell College,186800
Hawkeye Community College,459500
Indian Hills Community College,840300
Iowa Central Community College,186500
Iowa Lakes Community College,186400
Iowa State University,186900
Iowa Wesleyan University,187100
Iowa Western Community College,459800
University of Iowa,189200
Kirkwood Community College,407600
Loras College,187300
Luther College,187400
Maharishi International University,1111300
Marshalltown Community College,187500
Mercy College of Health Sciences,627300
Morningside University,187900
Mount Mercy University,188000
Ashford University,188100
North Iowa Area Community College,187700
University of Northern Iowa,189000
Northwestern College,188300
Northeast Iowa Community College,458700
Northwest Iowa Community College,460000
Saint Ambrose University,188900
Simpson College,188700
Southeastern Community College,184800
Southwestern Community College,185700
Upper Iowa University,189300
Waldorf University,189500
Wartburg College,189600
Western Iowa Tech Community College,731600
William Penn University,190000
Allen County Community College,190100
Baker University,190300
Barton County Community College,460800
Benedictine College,1025600
Bethany College,190400
Butler Community College,190600
Central Christian College of Kansas,190800
Cloud County Community College,190900
Coffeyville Community College,191000
Colby Community College,191100
Cowley County Community College,190200
Dodge City Community College,191300
Emporia State University,192700
Fort Hays State University,191500
Friends University,191800
Fort Scott Community College,191600
Garden City Community College,191900
Haskell Indian Nations University,1043800
Highland Community College,192100
Hutchinson Community College,192300
Johnson County Community College,824400
Kansas City Kansas Community College,192500
University of Kansas,194800
Newman University,193900
Kansas State University,192800
Kansas Wesleyan University,192900
Labette Community College,193000
McPherson College,193300
MidAmerica Nazarene University,703200
Neosho County Community College,193600
Ottawa University-Ottawa,193700
Pittsburg State University,192600
Pratt Community College,193800
University of Saint Mary,194300
Seward County Community College,822800
Southwestern College,194000
Sterling College,194500
Tabor College,194600
Washburn University,194900
Wichita State University-Campus of Applied Sciences and Technology,549800
Wichita State University,195000
Wichita Technical Institute,1050300
Alice Lloyd College,195100
Asbury University,195200
Ashland Community and Technical College,199000
Bellarmine University,195400
Berea College,195500
Southcentral Kentucky Community and Technical College,527100
Brescia University,195800
Campbellsville University,195900
Bluegrass Community and Technical College,524400
Centre College,196100
Galen College of Nursing-Louisville,3083700
University of the Cumberlands,196200
Eastern Kentucky University,196300
Elizabethtown Community and Technical College,199100
Georgetown College,196400
Hazard Community and Technical College,696200
Henderson Community College,199300
Hopkinsville Community College,199400
Jefferson Community and Technical College,696100
Kentucky State University,196800
Kentucky Wesleyan College,196900
University of Kentucky,198900
Kentucky Christian University,196500
Lindsey Wilson College,197200
University of Louisville,199900
Madisonville Community College,901000
Maysville Community and Technical College,696000
Midway University,197500
Morehead State University,197600
Murray State University,197700
Gateway Community and Technical College,527300
Northern Kentucky University,927500
West Kentucky Community and Technical College,197900
University of Pikeville,198000
Big Sandy Community and Technical College,199600
Somerset Community College,199700
Southeast Kentucky Community & Technical College,199800
The Southern Baptist Theological Seminary,198200
Spalding University,196000
Sullivan University,461900
Thomas More University,200100
Transylvania University,198700
Union College,198800
Western Kentucky University,200200
Central Louisiana Technical Community College,548900
Bossier Parish Community College,2055400
Centenary College of Louisiana,200300
Delgado Community College,462500
Dillard University,200400
Nunez Community College,2166100
Grambling State University,200600
ITI Technical College,2166200
Louisiana State University Health Sciences Center-New Orleans,201400
Louisiana State University-Alexandria,201100
Louisiana State University and Agricultural & Mechanical College,201000
Louisiana State University-Eunice,201200
Louisiana State University-Shreveport,201300
Louisiana College,200700
Louisiana Tech University,200800
Loyola University New Orleans,201600
McNeese State University,201700
University of New Orleans,201500
New Orleans Baptist Theological Seminary,201900
Nicholls State University,200500
University of Louisiana at Monroe,202000
Northwest Louisiana Technical Community College,997500
Northwestern State University of Louisiana,202100
University of Holy Cross,202300
Franciscan Missionaries of Our Lady University,3106200
Aveda Arts & Sciences Institute-Covington,2600900
Fletcher Technical Community College,576100
SOWELA Technical Community College,546700
Southeastern Louisiana University,202400
Southern University and A & M College,202500
Southern University at New Orleans,202600
Southern University at Shreveport,768600
University of Louisiana at Lafayette,203100
Northshore Technical Community College,675600
Tulane University of Louisiana,202900
Xavier University of Louisiana,203200
Bates College,203600
Bowdoin College,203800
Central Maine Community College,527600
Colby College,203900
Eastern Maine Community College,527700
Kennebec Valley Community College,982600
University of Maine at Augusta,676000
University of Maine at Farmington,204000
University of Maine at Fort Kent,204100
University of Maine,205300
Maine Maritime Academy,204400
University of Maine at Presque Isle,203300
University of New England,205000
Northern Maine Community College,576000
Saint Joseph's College of Maine,205100
Southern Maine Community College,552500
University of Southern Maine,205400
Thomas College,205200
Unity College,685800
Allegany College of Maryland,205700
Anne Arundel Community College,205800
Baltimore City Community College,206100
University of Baltimore,210200
Bowie State University,206200
Cecil College,830800
College of Southern Maryland,206400
Chesapeake College,465000
Washington Adventist University,206700
Coppin State University,206800
North American Trade Schools,2545400
Frederick Community College,207100
Frostburg State University,207200
Goucher College,207300
Hagerstown Community College,207400
Harford Community College,207500
Hood College,207600
Howard Community College,817500
Johns Hopkins University,207700
Loyola University Maryland,207800
University of Maryland Global Campus,1164400
University of Maryland Baltimore,210400
University of Maryland-Baltimore County,210500
University of Maryland-College Park,210300
Maryland Institute College of Art,208000
University of Maryland Eastern Shore,210600
Fortis Institute-Towson,1031900
Montgomery College,691100
Morgan State University,208300
Mount St. Mary's University,208600
Notre Dame of Maryland University,206500
Prince George's Community College,208900
Salisbury University,209100
St. Mary's College of Maryland,209500
Towson University,209900
United States Naval Academy,210100
Stevenson University,210700
Washington College,210800
McDaniel College,210900
Wor-Wic Community College,2073900
Hult International Business School,4143200
American International College,211400
Amherst College,211500
Anna Maria College,211700
Assumption University,211800
Babson College,212100
Bay Path University,212200
Bay State College,396500
Becker College,212300
Bentley University,212400
Berklee College of Music,212600
Berkshire Community College,216700
Boston College,212800
Boston University,213000
Brandeis University,213300
Bridgewater State University,218300
Bristol Community College,217600
Bunker Hill Community College,1121000
Cambridge College,2182900
Cape Cod Community College,216800
Laboure College,632400
Clark University,213900
Curry College,214300
Dean College,214400
Eastern Nazarene College,214500
Emerson College,214600
Emmanuel College,214700
Endicott College,214800
Fisher College,215000
Fitchburg State University,218400
Framingham State University,218500
Gordon College,215300
Greenfield Community College,216900
Hampshire College,466100
Harvard University,215500
College of the Holy Cross,214100
Holyoke Community College,217000
Lasell University,215800
Lesley University,216000
University of Massachusetts-Lowell,216100
University of Massachusetts-Amherst,222100
University of Massachusetts-Boston,222200
Massachusetts Bay Community College,217100
MCPHS University,216500
Massachusetts College of Art and Design,218000
Massachusetts Institute of Technology,217800
Massachusetts Maritime Academy,218100
Massasoit Community College,217700
Merrimack College,212000
Middlesex Community College,993600
Mount Holyoke College,219200
Mount Wachusett Community College,217200
Nichols College,219700
Massachusetts College of Liberal Arts,218700
North Shore Community College,217300
Northeastern University,219900
Northern Essex Community College,217400
College of Our Lady of the Elms,214000
Quincy College,220500
Quinsigamond Community College,217500
Regis College,220600
Roxbury Community College,1193000
Salem State University,218800
Simmons University,220800
Smith College,220900
Springfield College,221100
Springfield Technical Community College,807800
University of Massachusetts-Dartmouth,221000
Stonehill College,221700
Suffolk University,221800
Tufts University,221900
Wellesley College,222400
Wentworth Institute of Technology,222500
Western New England University,222600
Westfield State University,218900
Wheaton College (Massachusetts),222700
Williams College,222900
Worcester Polytechnic Institute,223300
Worcester State University,219000
Adrian College,223400
Albion College,223500
Northwestern Technological Institute,3124000
Alma College,223600
Alpena Community College,223700
Andrews University,223800
Aquinas College,223900
Baker College,467300
Bay de Noc Community College,224000
Calvin University,224100
Central Michigan University,224300
Mott Community College,226100
Cleary University,224600
College for Creative Studies,677100
Davenport University,224900
Delta College,225100
MIAT College of Technology,2060300
University of Detroit Mercy,232300
Eastern Michigan University,225900
Ferris State University,226000
Glen Oaks Community College,226300
Kettering University,226200
Gogebic Community College,226400
Grace Christian University,226500
Cornerstone University,226600
Grand Rapids Community College,226700
Grand Valley State University,226800
Henry Ford College,227000
Hillsdale College,227200
Hope College,227300
Jackson College,227400
Kalamazoo College,227500
Kalamazoo Valley Community College,694900
Kellogg Community College,227600
Kirtland Community College,717100
Lake Michigan College,227700
Lake Superior State University,229300
Lansing Community College,227800
Lawrence Technological University,227900
Macomb Community College,890600
Madonna University,228200
Rochester University,228800
University of Michigan-Ann Arbor,232500
Michigan State University,229000
Michigan Technological University,229200
University of Michigan-Dearborn,232600
University of Michigan-Flint,232700
Mid Michigan College,676800
Monroe County Community College,229400
Montcalm Community College,229500
Muskegon Community College,229700
North Central Michigan College,229900
Northern Michigan University,230100
Northwestern Michigan College,230200
Northwood University,407200
Oakland Community College,230300
Oakland University,230700
Olivet College,230800
Saginaw Valley State University,231400
Schoolcraft College,231500
Siena Heights University,231600
St Clair County Community College,231000
Southwestern Michigan College,231700
Spring Arbor University,231800
Walsh College,407100
Washtenaw Community College,232800
Wayne County Community College District,923000
Wayne State University,232900
West Shore Community College,795000
Western Michigan University,233000
Alexandria Technical & Community College,554400
Anoka Technical College,735000
Anoka-Ramsey Community College,233200
Augsburg University,233400
Riverland Community College,233500
Northwest Technical College,575900
Bemidji State University,233600
Bethany Lutheran College,233700
Bethel University,905800
Central Lakes College-Brainerd,233900
Carleton College,234000
Concordia College at Moorhead,234600
Concordia University-Saint Paul,234700
Dakota County Technical College,1040200
Martin Luther College,236100
Lake Superior College,575700
Minnesota State Community and Technical College,554100
Minnesota West Community and Technical College,526300
Gustavus Adolphus College,235300
Hamline University,235400
Hennepin Technical College,1049100
Hibbing Community College,235500
Aveda Arts & Sciences Institute Minneapolis,2123200
Inver Hills Community College,974000
Itasca Community College,235600
Macalester College,235800
South Central College,553700
Minnesota State University-Mankato,236000
Mesabi Range College,400900
Metropolitan State University,1037400
University of Minnesota-Twin Cities,396900
University of Minnesota-Crookston,406900
Minneapolis College of Art and Design,236500
Minneapolis Community and Technical College,236200
University of Minnesota-Duluth,238800
University of Minnesota-Morris,238900
Minnesota State University Moorhead,236700
North Hennepin Community College,237000
Normandale Community College,795400
North Central University,236900
Northland Community and Technical College,238500
University of Northwestern-St Paul,237100
Pine Technical & Community College,553500
Rochester Community and Technical College,237300
College of Saint Benedict,234100
St Cloud Technical and Community College,553400
Saint Cloud State University,237700
Saint Johns University,237900
Saint Mary's University of Minnesota,238000
St Olaf College,238200
Crown College,238300
The College of Saint Scholastica,234300
University of St Thomas,234500
St Catherine University,234200
Rasmussen University-Minnesota,869400
Saint Paul College,553300
Southwest Minnesota State University,237500
Dunwoody College of Technology,464100
Ridgewater College,525200
Minnesota State College Southeast,239300
Winona State University,239400
Century College,1054600
Alcorn State University,239600
Belhaven University,239700
Blue Mountain College,239800
Coahoma Community College,240100
Copiah-Lincoln Community College,240200
Delta State University,240300
East Central Community College,240400
East Mississippi Community College,240500
Hinds Community College,240700
Holmes Community College,240800
Itawamba Community College,240900
Jackson State University,241000
Jones County Junior College,241100
Meridian Community College,241300
Millsaps College,241400
Mississippi Delta Community College,241600
University of Mississippi,244000
Mississippi University for Women,242200
Mississippi Valley State University,242400
Mississippi College,241500
Mississippi Gulf Coast Community College,241700
Mississippi State University,242300
Northeast Mississippi Community College,242600
Northwest Mississippi Community College,242700
Pearl River Community College,243000
Rust College,243300
Southwest Mississippi Community College,243600
University of Southern Mississippi,244100
Tougaloo College,243900
William Carey University,244700
Avila University,244900
Cox College,2068200
Central Methodist University-College of Liberal Arts and Sciences,245300
University of Central Missouri,245400
Columbia College,245600
Crowder College,245900
Culver-Stockton College,246000
Drury University,246100
East Central College,886200
Pinnacle Career Institute,1040500
Evangel University,246300
Fontbonne University,246400
Ozarks Technical Community College,3083000
Hannibal-LaGrange University,908900
Harris-Stowe State University,246600
Jefferson College,246800
Barnes-Jewish College Goldfarb School of Nursing,638900
Kansas City Art Institute,247300
Lincoln University,247900
Lindenwood University,248000
State Technical College of Missouri,471100
Metropolitan Community College-Kansas City,248400
Maryville University of Saint Louis,248200
Midwestern Baptist Theological Seminary,248500
Mineral Area College,248600
Missouri Baptist University,754000
Missouri Southern State University,248800
Missouri Valley College,248900
Missouri Western State University,249000
University of Missouri-Columbia,251600
University of Missouri-Kansas City,251800
Missouri University of Science and Technology,251700
University of Missouri-St Louis,251900
Moberly Area Community College,249100
Truman State University,249500
Northwest Missouri State University,249600
Ozark Christian College,2202700
College of the Ozarks,250000
Park University,249800
Ranken Technical College,1250000
Rockhurst University,249900
Saint Louis University,250600
Saint Louis Community College,247100
Southwest Baptist University,250200
Missouri State University-West Plains,3106000
State Fair Community College,808000
Southeast Missouri State University,250100
Missouri State University-Springfield,250300
Three Rivers College,471300
North Central Missouri College,251400
Washington University in St Louis,252000
Webster University,252100
Westminster College,252300
William Jewell College,252400
William Woods University,252500
Carroll College,252600
Montana State University Billings,253000
Flathead Valley Community College,677700
Great Falls College Montana State University,931400
University of Providence,252700
Helena College University of Montana,757000
Montana Technological University,253100
Montana State University,253200
The University of Montana,253600
Montana State University-Northern,253300
Rocky Mountain College,253400
Salish Kootenai College,2143400
The University of Montana-Western,253700
Bellevue University,974300
Clarkson College,986200
Bryan College of Health Sciences,639900
Central Community College,2099500
Chadron State College,253900
Concordia University-Nebraska,254100
Creighton University,254200
Doane University,254400
Hastings College,254800
University of Nebraska at Kearney,255100
Nebraska Methodist College of Nursing & Allied Health,640400
Metropolitan Community College Area,1258600
Mid-Plains Community College,255700
Midland University,255300
University of Nebraska at Omaha,255400
University of Nebraska Medical Center,689500
Nebraska Wesleyan University,255500
University of Nebraska-Lincoln,256500
Northeast Community College,1166700
Peru State College,255900
College of Saint Mary,254000
Southeast Community College Area,2508300
Union College,256300
Wayne State College,256600
Western Nebraska Community College,256000
College of Southern Nevada,1036200
University of Nevada-Las Vegas,256900
University of Nevada-Reno,256800
Great Basin College,697700
Truckee Meadows Community College,2107700
Western Nevada College,1036300
Colby-Sawyer College,257200
Dartmouth College,257300
Franklin Pierce University,257500
New England College,257900
Southern New Hampshire University,258000
University of New Hampshire-Main Campus,258900
Keene State College,259000
Plymouth State University,259100
NHTI-Concord's Community College,258100
White Mountains Community College,529100
River Valley Community College,756000
Lakes Region Community College,755500
Manchester Community College,258200
Nashua Community College,923600
Great Bay Community College,258300
Rivier University,258600
Saint Anselm College,258700
Granite State College,3101300
Eastwick College-Hackensack,1246200
Atlantic Cape Community College,259600
Fortis Institute-Wayne,2132300
Bergen Community College,473600
Berkeley College-Woodland Park,750200
Beth Medrash Govoha,794700
Bloomfield College,259700
Brookdale Community College,840400
Rowan College at Burlington County,773000
Caldwell University,259800
Camden County College,686500
Centenary University,259900
Lincoln Technical Institute-Iselin,1246100
County College of Morris,772900
Rowan College South Jersey Cumberland Campus,260100
Drew University,260300
Essex County College,710700
Fairleigh Dickinson University-Metropolitan Campus,260700
Felician University,261000
Georgian Court University,260800
Rowan University,260900
Rowan College of South Jersey Gloucester Campus,690100
Eastwick College-Ramsey,2053700
Hudson County Community College,1295400
New Jersey City University,261300
Kean University,262200
Mercer County Community College,474000
Middlesex College,261500
Monmouth University,261600
Montclair State University,261700
JFK Muhlenberg Harold B. and Dorothy A. Snyder Schools,642100
New Jersey Institute of Technology,262100
Ocean County College,262400
Passaic County Community College,999400
Pennco Tech-Blackwood,2131600
Princeton University,262700
Ramapo College of New Jersey,934400
Rider University,262800
Rutgers University-New Brunswick,262900
Saint Peter's University,263800
Salem Community College,546100
Seton Hall University,263200
Saint Elizabeth University,260000
Raritan Valley Community College,773100
Stevens Institute of Technology,263900
Stockton University,934500
Thomas Edison State University,2192200
The College of New Jersey,264200
Union County College,264300
William Paterson University of New Jersey,262500
Olympian Academy of Cosmetology,1300500
Central New Mexico Community College,474200
Navajo Technical University,2357600
Clovis Community College,474300
Eastern New Mexico University-Main Campus,265100
New Mexico Highlands University,265300
New Mexico Junior College,265500
New Mexico Institute of Mining and Technology,265400
University of New Mexico-Main Campus,266300
New Mexico State University-Main Campus,265700
Northern New Mexico College,2083900
San Juan College,266000
Santa Fe Community College,2278100
Western New Mexico University,266400
Vaughn College of Aeronautics and Technology,266500
Adelphi University,266600
SUNY Adirondack,286000
Albany College of Pharmacy and Health Sciences,288500
Alfred University,266800
American Musical and Dramatic Academy,757200
Apex Technical School,751800
Bard College,267100
Barnard College,270800
Berkeley College-New York,739400
Boricua College,1302900
SUNY Broome Community College,286200
Bryant & Stratton College-Buffalo,267800
Canisius College,268100
St Paul's School of Nursing-Queens,1236400
Cayuga County Community College,286100
Cazenovia College,268500
Central Yeshiva Tomchei Tmimim Lubavitz,477600
Christine Valmy International School for Esthetics Skin Care & Makeup,4233700
Clarkson University,269900
Clinton Community College,678700
Colgate University,270100
Metropolitan College of New York,976900
Columbia University in the City of New York,270700
Columbia-Greene Community College,678900
Concordia College,270900
Cooper Union for the Advancement of Science and Art,271000
Cornell University,271100
SUNY Corning Community College,286300
Culinary Institute of America,730400
CUNY Bernard M Baruch College,727300
CUNY Borough of Manhattan Community College,269100
CUNY Bronx Community College,269200
CUNY Brooklyn College,268700
College of Staten Island CUNY,269800
CUNY City College,268800
CUNY Graduate School and University Center,476500
CUNY Hostos Community College,861100
CUNY Hunter College,268900
CUNY John Jay College of Criminal Justice,269300
CUNY Kingsborough Community College,269400
CUNY LaGuardia Community College,1005100
CUNY Lehman College,702200
CUNY Medgar Evers College,1009700
CUNY New York City College of Technology,269600
CUNY Queens College,269000
CUNY Queensborough Community College,269700
CUNY York College,475900
D'Youville College,271200
Daemen University,280800
Dominican College of Blauvelt,271300
Dutchess Community College,286400
Elmira College,271800
Erie Community College,1068400
Fashion Institute of Technology,286600
Finger Lakes Community College,753200
Five Towns College,1256100
Fordham University,272200
Fulton-Montgomery Community College,286700
Genesee Community College,678200
Hamilton College,272800
Hartwick College,272900
Helene Fuld College of Nursing,1015300
Herkimer County Community College,478800
Hilbert College,273500
Hobart William Smith Colleges,273100
Hofstra University,273200
Houghton College,273400
Hudson Valley Community College,286800
Hunter Business School,2206000
Iona College,273700
Ithaca College,273900
Jamestown Community College,286900
Jefferson Community College,287000
Keuka College,274400
LIM College,746600
Le Moyne College,274800
Long Island University,275100
Long Island Business Institute,2093700
Manhattan College,275800
Manhattanville College,276000
Maria College of Albany,276300
Marist College,276500
Marymount Manhattan College,276900
Medaille College,277700
Mercy College,277200
Mohawk Valley Community College,287100
Molloy College,277500
Monroe College,479900
Monroe Community College,287200
Mount Saint Mary College,277800
College of Mount Saint Vincent,270300
Nassau Community College,287300
Nazareth College,277900
The New School,2066200
New York University,278500
Niagara County Community College,287400
Niagara University,278800
North Country Community College,711100
New York Institute of Technology,278200
Nyack College,279000
Onondaga Community College,287500
Orange County Community College,287600
Pace University,279100
Paul Smiths College of Arts and Science,279500
Plaza College,1235800
Pratt Institute-Main,279800
Rensselaer Polytechnic Institute,280300
Roberts Wesleyan College,280500
Rochester Institute of Technology,280600
University of Rochester,289400
Rockland Community College,287700
Russell Sage College,281000
St Bonaventure University,281700
St. Francis College,282000
St Lawrence University,282900
The College of Saint Rose,270500
St. Thomas Aquinas College,283200
Sarah Lawrence College,281300
Schenectady County Community College,678500
Siena College,281600
Skidmore College,281400
St. Joseph's University-New York,282500
Saint John Fisher College,282100
St Paul's School of Nursing-Staten Island,947900
St. John's University-New York,282300
Sullivan County Community College,287900
SUNY College of Technology at Alfred,285400
SUNY College of Technology at Canton,285500
SUNY College of Technology at Delhi,285700
SUNY College of Agriculture and Technology at Cobleskill,285600
Farmingdale State College,285800
SUNY Morrisville,285900
SUNY at Albany,283500
Binghamton University,283600
University at Buffalo,283700
Stony Brook University,283800
SUNY College of Environmental Science and Forestry,285100
SUNY Polytechnic Institute,1167800
SUNY Brockport,284100
SUNY Buffalo State,284200
SUNY Cortland,284300
SUNY at Fredonia,284400
SUNY College at Geneseo,284500
State University of New York at New Paltz,284600
SUNY Oneonta,284700
SUNY College at Oswego,284800
SUNY College at Potsdam,285000
SUNY at Purchase College,679100
SUNY College at Old Westbury,710900
SUNY College at Plattsburgh,284900
SUNY Empire State College,1028600
SUNY Maritime College,285300
Swedish Institute a College of Health Sciences,2170000
Syracuse University,288200
Tompkins Cortland Community College,678800
Touro College,1014200
Trocaire College,281200
Excelsior College,283400
Ulster County Community College,288000
Union College,288900
United Talmudical Seminary,1118900
United States Merchant Marine Academy,289200
United States Military Academy,289300
Utica University,288300
Vassar College,289500
Villa Maria College,289600
School of Visual Arts,746800
Wagner College,289900
The College of Westchester,520800
SUNY Westchester Community College,288100
Yeshiva University,290300
Yeshivath Viznitz,1302700
College of the Albemarle,291700
South Piedmont Community College,798500
Appalachian State University,290600
Asheville-Buncombe Technical Community College,403300
Barton College,290800
Beaufort County Community College,855800
Belmont Abbey College,291000
Bladen Community College,798700
Blue Ridge Community College,968400
Brevard College,291200
Brunswick Community College,2170700
Caldwell Community College and Technical Institute,483500
Campbell University,291300
Cape Fear Community College,532000
Carteret Community College,808100
Catawba College,291400
Catawba Valley Community College,531800
Central Carolina Community College,544900
Central Piedmont Community College,291500
Chowan University,291600
Cleveland Community College,808200
Coastal Carolina Community College,531600
Craven Community College,679900
Davidson-Davie Community College,291900
Davidson College,291800
Duke University,292000
Durham Technical Community College,544800
East Carolina University,292300
Edgecombe Community College,885500
Elizabeth City State University,292600
Elon University,292700
Fayetteville Technical Community College,764000
Fayetteville State University,292800
Forsyth Technical Community College,531700
Gardner-Webb University,292900
Gaston College,297300
Greensboro College,293000
Guilford College,293100
Guilford Technical Community College,483800
Haywood Community College,808300
High Point University,293300
Isothermal Community College,293400
James Sprunt Community College,768700
Johnson C Smith University,293600
Johnston Community College,933600
Lees-McRae College,293900
Lenoir Community College,294000
Lenoir-Rhyne University,294100
Livingstone College,294200
Mars Hill University,294400
Meredith College,294500
Methodist University,294600
Mitchell Community College,294700
Montreat College,294800
University of Mount Olive,294900
Nash Community College,855700
North Carolina A & T State University,290500
University of North Carolina at Asheville,290700
University of North Carolina at Chapel Hill,297400
University of North Carolina at Charlotte,297500
University of North Carolina at Greensboro,297600
North Carolina Central University,295000
University of North Carolina School of the Arts,398100
North Carolina State University at Raleigh,297200
North Carolina Wesleyan College,295100
University of North Carolina Wilmington,298400
William Peace University,295300
University of North Carolina at Pembroke,295400
Pfeiffer University,295500
Piedmont Community College,964600
Pitt Community College,406200
Queens University of Charlotte,295700
Randolph Community College,544700
Richmond Community College,546400
Robeson Community College,861200
Rockingham Community College,295800
Rowan-Cabarrus Community College,575400
Saint Augustine's University,296800
Sampson Community College,789200
Sandhills Community College,296100
Shaw University,296200
Southeastern Community College,296400
Southwestern Community College,846600
Stanly Community College,1119400
Southeastern Baptist Theological Seminary,296300
Surry Community College,297000
Alamance Community College,546300
Tri-County Community College,943000
Vance-Granville Community College,990300
Wake Forest University,297800
Wake Technical Community College,484400
Warren Wilson College,297900
Wayne Community College,298000
Western Piedmont Community College,298200
Wilkes Community College,298300
Wilson Community College,484500
Wingate University,298500
Winston-Salem State University,298600
Western Carolina University,298100
Bismarck State College,298800
Dickinson State University,298900
University of Jamestown,299000
Lake Region State College,299100
University of Mary,299200
Mayville State University,299300
Minot State University,299400
University of North Dakota,300500
North Dakota State College of Science,299600
North Dakota State University-Main Campus,299700
Williston State College,300700
Valley City State University,300800
University of Akron Main Campus,312300
Apollo Career Center,2562300
Ashland University,301200
Baldwin Wallace University,301400
Belmont College,994100
Bluffton University,301600
Bowling Green State University-Main Campus,301800
Capital University,302300
Case Western Reserve University,302400
Cedarville University,302500
Central Ohio Technical College,1104600
Central State University,302600
The Christ College of Nursing and Health Sciences,648900
University of Cincinnati-Main Campus,312500
Cincinnati State Technical and Community College,1034500
Ohio Christian University,303000
Clark State College,485200
Cleveland Institute of Art,398200
Cleveland State University,303200
Columbus College of Art and Design,303900
Columbus State Community College,686700
Cuyahoga Community College District,304000
University of Dayton,312700
Defiance College,304100
Denison University,304200
Edison State Community College,1275000
The University of Findlay,304500
Franklin University,304600
Heidelberg University,304800
Hiram College,304900
Hocking College,759800
Eastern Gateway Community College,727500
John Carroll University,305000
Hondros College of Nursing,4074300
Kent State University at Kent,305100
Kenyon College,306500
Kettering College,703500
Lake Erie College,306600
Lakeland Community College,680400
James A. Rhodes State College,1002700
Lorain County Community College,306800
Lourdes University,306900
Malone University,307200
Marietta College,307300
Marion Technical College,1073600
Mercy College of Ohio,3097000
Miami University-Oxford,307700
Mount Carmel College of Nursing,3071900
University of Mount Union,308300
Mount Vernon Nazarene University,708500
Mount Saint Joseph University,303300
Zane State College,813300
Muskingum University,308400
North Central State College,531300
Northwest State Community College,867700
Notre Dame College,308500
University of Northwestern Ohio,486100
Oberlin College,308600
Ohio Dominican University,303500
Ohio Northern University,308900
Ohio State University-Main Campus,309000
Ohio University-Main Campus,310000
Ohio Wesleyan University,310900
Otterbein University,311000
Owens Community College,575300
Fortis College-Centerville,2190700
University of Rio Grande,311600
Shawnee State University,994200
Sinclair Community College,311900
Stark State College,1088100
Stautzenberger College-Maumee,486600
Franciscan University of Steubenville,303600
Southern State Community College,1287000
Terra State Community College,827800
Tiffin University,312100
University of Toledo,313100
Union Institute & University,1092300
Ursuline College,313400
Walsh University,313500
Washington State Community College,1045300
Wilmington College,314200
Wittenberg University,314300
The College of Wooster,303700
Wright State University-Main Campus,307800
Xavier University,314400
Youngstown State University,314500
Oklahoma Wesleyan University,315100
Southern Nazarene University,314900
Cameron University,315000
Carl Albert State College,317600
University of Central Oklahoma,315200
Connors State College,315300
East Central University,315400
Eastern Oklahoma State College,315500
Redlands Community College,315600
Langston University,315700
Murray State College,315800
Spartan College of Aeronautics and Technology,767800
Northeastern State University,316100
Northern Oklahoma College,316200
Northeastern Oklahoma A&M College,316000
Northwestern Oklahoma State University,316300
Oklahoma Christian University,316500
Oklahoma Panhandle State University,317400
Oklahoma State University-Main Campus,317000
Oklahoma State University-Oklahoma City,964700
Oklahoma Baptist University,316400
Oklahoma City Community College,1039100
Oklahoma City University,316600
University of Oklahoma-Norman Campus,318400
Oklahoma State University Institute of Technology,317200
Oral Roberts University,398500
Rogers State University,316800
Rose State College,918500
University of Science and Arts of Oklahoma,316700
Seminole State College,317800
Southeastern Oklahoma State University,317900
Southwestern Oklahoma State University,318100
Tulsa Community College,976300
Tulsa Welding School-Tulsa,961800
University of Tulsa,318500
Western Oklahoma State College,314600
Blue Mountain Community College,318600
Central Oregon Community College,318800
Chemeketa Community College,321800
Clackamas Community College,487800
Clatsop Community College,318900
Eastern Oregon University,319300
George Fox University,319400
Lane Community College,319600
Lewis & Clark College,319700
Linfield University-McMinnville Campus,319800
Linn-Benton Community College,693800
Mt Hood Community College,320400
Bushnell University,320800
Oregon Health & Science University,488200
Oregon Institute of Technology,321100
Oregon State University,321000
University of Oregon,322300
Pacific University,321200
Portland Community College,321300
Portland State University,321600
University of Portland,322400
Reed College,321700
Rogue Community College,1018200
Southern Oregon University,321900
Southwestern Oregon Community College,322000
Treasure Valley Community College,322100
Umpqua Community College,322200
Corban University,133900
Willamette University,322700
Western Oregon University,320900
Albright College,322900
All-State Career School,2495500
Community College of Allegheny County,323100
Allegheny College,323000
DeSales University,398600
Alvernia University,323300
American College of Financial Services,3317300
Community College of Beaver County,680700
Arcadia University,323500
Bloomsburg University of Pennsylvania,331500
Bryn Mawr College,323700
Bucknell University,323800
Bucks County Community College,323900
Butler County Community College,324000
Cabrini University,324100
California University of Pennsylvania,331600
Carlow University,330300
Carnegie Mellon University,324200
Cedar Crest College,324300
Central Penn College,489000
Chatham University,324400
Chestnut Hill College,324500
Cheyney University of Pennsylvania,331700
Clarion University of Pennsylvania,331800
Delaware County Community College,711000
Delaware Valley University,325200
Dickinson College,325300
Drexel University,325600
Duquesne University,325800
East Stroudsburg University of Pennsylvania,332000
Eastern University,325900
Edinboro University of Pennsylvania,332100
Elizabethtown College,326200
Franklin and Marshall College,326500
Gannon University,326600
Geneva College,326700
Gettysburg College,326800
Grove City College,326900
Gwynedd Mercy University,327000
Harcum College,327200
Harrisburg Area Community College,327300
Haverford College,327400
Holy Family University,327500
Immaculata University,327600
Indiana University of Pennsylvania-Main Campus,327700
Juniata College,327900
Keystone College,328000
King's College,328200
Kutztown University of Pennsylvania,332200
La Roche University,398700
La Salle University,328700
Lackawanna College,328300
Lafayette College,328400
Lancaster Bible College,328500
Lebanon Valley College,328800
Lehigh Carbon Community College,681000
Lehigh University,328900
Lincoln University,329000
Lock Haven University,332300
Luzerne County Community College,681100
Lycoming College,329300
Manor College,329400
Mansfield University of Pennsylvania,332400
Marywood University,329600
Mercyhurst University,329700
Messiah University,329800
Millersville University of Pennsylvania,332500
Misericordia University,324700
Montgomery County Community College,445200
Moravian University,330100
Mount Aloysius College,330200
Muhlenberg College,330400
Neumann University,398800
New Castle School of Trades,778000
Northampton County Area Community College,719100
Peirce College,330900
Pennco Tech-Bristol,944900
University of Pennsylvania,337800
The University of the Arts,335000
Cairn University-Langhorne,335100
University of the Sciences,335300
Community College of Philadelphia,324900
University of Pittsburgh-Pittsburgh Campus,337900
Pittsburgh Institute of Aeronautics,531000
Pittsburgh Technical College,743700
Point Park University,335700
Reading Area Community College,1038800
Robert Morris University,335900
Saint Francis University,336600
Saint Joseph's University,336700
Saint Vincent College,336800
University of Scranton,338400
Seton Hill University,336200
Shippensburg University of Pennsylvania,332600
Slippery Rock University of Pennsylvania,332700
Susquehanna University,336900
Swarthmore College,337000
Thaddeus Stevens College of Technology,791200
Temple University,337100
Thiel College,337600
Thomas Jefferson University,1239300
Ursinus College,338500
Villanova University,338800
Washington & Jefferson College,338900
Waynesburg University,339100
West Chester University of Pennsylvania,332800
Westminster College,339200
Westmoreland County Community College,1017600
Widener University,331300
Wilkes University,339400
Wilson College,339600
York College of Pennsylvania,339900
YTI Career Institute-York,2127400
Brown University,340100
Bryant University,340200
Johnson & Wales University-Providence,340400
New England Institute of Technology,784500
Providence College,340600
Rhode Island College,340700
Community College of Rhode Island,340800
University of Rhode Island,341400
Rhode Island School of Design,340900
Roger Williams University,341000
Salve Regina University,341100
Aiken Technical College,1005600
Allen University,341700
Anderson University,341800
Charleston Southern University,341900
Technical College of the Lowcountry,991000
Benedict College,342000
Bob Jones University,342100
Southern Wesleyan University,342200
College of Charleston,342800
Northeastern Technical College,760200
Citadel Military College of South Carolina,342300
Claflin University,342400
Clemson University,342500
Coker University,342700
Columbia International University,342900
Columbia College,343000
Converse University,343100
Erskine College,343200
Florence-Darlington Technical College,399000
Francis Marion University,922600
Furman University,343400
Greenville Technical College,399100
Horry-Georgetown Technical College,492500
Lander University,343500
Limestone University,343600
Midlands Technical College,399300
Newberry College,344000
North Greenville University,344100
Orangeburg Calhoun Technical College,681500
Piedmont Technical College,399200
Presbyterian College,344500
University of South Carolina Aiken,344900
University of South Carolina Beaufort,345000
University of South Carolina-Columbia,344800
University of South Carolina-Lancaster,345300
University of South Carolina-Sumter,342600
Coastal Carolina University,345100
South Carolina State University,344600
University of South Carolina-Upstate,695100
Spartanburg Methodist College,344700
Spartanburg Community College,399400
Central Carolina Technical College,399500
Tri-County Technical College,492600
Trident Technical College,492000
Winthrop University,345600
Wofford College,345700
York Technical College,399600
Augustana University,345800
Black Hills State University,345900
Dakota State University,346300
Dakota Wesleyan University,346100
Lake Area Technical College,530900
Mitchell Technical College,828400
Mount Marty University,346500
National American University-Rapid City,405700
Northern State University,346600
Oglala Lakota College,1465900
Presentation College,346700
South Dakota School of Mines and Technology,347000
South Dakota State University,347100
University of Sioux Falls,346900
Southeast Technical College,776400
University of South Dakota,347400
Western Dakota Technical College,1017000
Austin Peay State University,347800
Baptist Health Sciences University,3440300
Belmont University,347900
Bethel University,348000
Bryan College-Dayton,353600
Carson-Newman University,348100
Chattanooga State Community College,399800
Christian Brothers University,348200
Cleveland State Community College,399900
Columbia State Community College,348300
Concorde Career College-Memphis,2157100
Cumberland University,348500
Lipscomb University,348600
Tennessee College of Applied Technology-Dickson,778200
Dyersburg State Community College,683500
East Tennessee State University,348700
Fisk University,349000
Freed-Hardeman University,349200
Jackson State Community College,493700
Johnson University,349500
King University,349600
South College,493800
Lane College,349900
Le Moyne-Owen College,350100
Lee University,350000
Lincoln Memorial University,350200
The University of Tennessee Southern,350400
Maryville College,350500
Tennessee College of Applied Technology-Memphis,536000
University of Memphis,350900
Middle Tennessee State University,351000
Tennessee College of Applied Technology-Morristown,535100
Motlow State Community College,683600
Tennessee College of Applied Technology-Murfreesboro,2103500
Nashville State Community College,814500
Rhodes College,351900
Roane State Community College,991400
Southwest Tennessee Community College,1043900
The University of the South,353400
Tennessee College of Applied Technology-Knoxville,402500
Pellissippi State Community College,1269300
Southern Adventist University,351800
Tennessee Wesleyan University,352500
The University of Tennessee-Chattanooga,352900
The University of Tennessee-Knoxville,353000
The University of Tennessee-Martin,353100
Tennessee State University,352200
Tennessee Technological University,352300
Trevecca Nazarene University,352600
Northeast State Community College,537800
Tusculum University,352700
Union University,352800
Vanderbilt University,353500
Volunteer State Community College,991200
Walters State Community College,886300
Abilene Christian University,353700
Alvin Community College,353900
Amarillo College,354000
Angelina College,666100
Angelo State University,354100
Austin College,354300
Austin Community College District,1201500
Baptist Health System School of Health Professions,660600
Baylor University,354500
Coastal Bend College,354600
Blinn College,354900
Remington College-Dallas Campus,3026500
Brazosport College,728700
Central Texas College,400300
Cisco College,355300
Clarendon College,355400
Concordia University Texas,355700
North Central Texas College,355800
Texas A & M University-Corpus Christi,1116100
Dallas Baptist University,356000
University of Dallas,365100
Del Mar College,356300
East Texas Baptist University,356400
Texas A&M University-Texarkana,3170300
Texas A & M University-Commerce,356500
Dallas College,445300
El Paso Community College,1038700
Western Technical College,2098300
Frank Phillips College,356800
Galveston College,497200
Grayson College,357000
Hallmark University,1050900
Hardin-Simmons University,357100
Trinity Valley Community College,357200
Hill College,357300
Houston Baptist University,357600
University of Houston-Clear Lake,1171100
Houston Community College,1063300
University of Houston-Downtown,361200
University of Houston-Victoria,1323100
University of Houston,365200
Howard College,357400
Howard Payne University,357500
Huston-Tillotson University,357700
University of the Incarnate Word,357800
Jarvis Christian University,363700
Kilgore College,358000
Lamar University,358100
Lamar State College-Orange,2358200
Lamar State College-Port Arthur,2348500
Laredo College,358200
Texas A & M International University,965100
Lee College,358300
LeTourneau University,358400
Lubbock Christian University,358600
College of the Mainland,709600
University of Mary Hardin-Baylor,358800
McLennan Community College,359000
McMurry University,359100
Midland College,979700
Midwestern State University,359200
Southern Careers Institute-Austin,3035300
Navarro College,359300
Lone Star College System,1114500
University of North Texas,359400
Northeast Texas Community College,2315400
Odessa College,359600
Our Lady of the Lake University,359800
The University of Texas Rio Grande Valley,359900
Texas Southmost College,3064600
Panola College,360000
Paris Junior College,360100
Prairie View A & M University,363000
Ranger College,360300
Rice University,360400
Saint Edward's University,362100
St Philip's College,360800
University of St Thomas,365400
Sam Houston State University,360600
San Antonio College,916300
San Jacinto Community College,360900
Schreiner University,361000
St. Mary's University,362300
South Plains College,361100
Southern Methodist University,361300
Southwest Texas Junior College,361400
Southwestern Assemblies of God University,361600
Southwestern University,362000
Stephen F Austin State University,362400
Texas State University,361500
Southwestern Adventist University,361900
Sul Ross State University,362500
Tarleton State University,363100
Tarrant County College District,362600
Temple College,362700
The University of Texas Health Science Center at San Antonio,365900
The University of Texas Medical Branch at Galveston,495200
Texarkana College,362800
Texas A & M University-Kingsville,363900
Texas A & M University-College Station,363200
The University of Texas at Arlington,365600
The University of Texas at Austin,365800
The University of Texas at Dallas,974100
The University of Texas at El Paso,366100
The University of Texas at Tyler,1116300
Texas Christian University,363600
Texas College,363800
Texas Lutheran University,364100
The University of Texas Permian Basin,993000
The University of Texas at San Antonio,1011500
Texas Southern University,364200
Texas Tech University,364400
Texas Wesleyan University,364500
Texas Woman's University,364600
Trinity University,364700
The University of Texas Health Science Center at Houston,495100
Texas Tech University Health Sciences Center,1067400
Tyler Junior College,364800
Universal Technical Institute of Texas Inc.,2362000
Vernon College,1006000
Victoria College,366200
Wayland Baptist University,366300
Weatherford College,366400
West Texas A & M University,366500
Western Texas College,954900
Wharton County Junior College,366800
Wiley College,366900
Bridgerland Technical College,2115400
Brigham Young University,367000
Brigham Young University-Hawaii,160600
Davis Technical College,2156600
Dixie State University,367100
Ensign College,367200
Ogden-Weber Technical College,2346500
Snow College,367900
Southern Utah University,367800
Utah State University,367700
Utah Valley University,402700
Salt Lake Community College,522000
University of Utah,367500
Weber State University,368000
Westminster College,368100
Bennington College,368200
Castleton University,368300
Champlain College,368400
Community College of Vermont,1116700
Northern Vermont University,368800
Middlebury College,369100
Norwich University,369200
Saint Michael's College,369400
Vermont Technical College,369800
University of Vermont,369600
Averett University,370200
Blue Ridge Community College,681900
Bluefield University,370300
Bridgewater College,370400
William & Mary,370500
Regent University,3091300
Central Virginia Community College,498800
Christopher Newport University,370600
Dabney S Lancaster Community College,499600
Danville Community College,375800
Emory & Henry College,370900
Eastern Mennonite University,370800
Ferrum College,371100
George Mason University,374900
Germanna Community College,866000
Hampden-Sydney College,371300
Hampton University,371400
Hollins University,371500
J Sargeant Reynolds Community College,375900
James Madison University,372100
Brightpoint Community College,400400
Liberty University,2053000
Longwood University,371900
Laurel Ridge Community College,865900
University of Lynchburg,372000
Mary Baldwin University,372300
University of Mary Washington,374600
Marymount University,372400
Mountain Empire Community College,962900
American National University,372600
New River Community College,522300
Norfolk State University,376500
Northern Virginia Community College,372700
Old Dominion University,372800
Patrick Henry Community College,375100
Paul D Camp Community College,915900
Piedmont Virginia Community College,992800
Radford University,373200
Randolph-Macon College,373300
Rappahannock Community College,916000
Richard Bland College,370700
University of Richmond,374400
Roanoke College,373600
Shenandoah University,373700
Southern Virginia University,373800
Southside Virginia Community College,866100
Southwest Virginia Community College,726000
Virginia Peninsula Community College,687100
Tidewater Community College,371200
University of Virginia's College at Wise,374700
Virginia Highlands Community College,709900
Virginia Polytechnic Institute and State University,375400
Virginia Western Community College,376000
Virginia Commonwealth University,373500
University of Virginia-Main Campus,374500
Virginia Military Institute,375300
Virginia State University,376400
Virginia Union University,376600
Virginia Wesleyan University,376700
Washington and Lee University,376800
Wytheville Community College,376100
Bellevue College,376900
Big Bend Community College,377000
Central Washington University,377100
Centralia College,377200
City University of Seattle,1302200
Clark College,377300
Clover Park Technical College,575200
Columbia Basin College,377400
Eastern Washington University,377500
Edmonds College,500100
Everett Community College,377600
The Evergreen State College,815500
Pierce College District,500000
Gonzaga University,377800
Grays Harbor College,377900
Green River College,378000
Heritage University,377700
Highline College,378100
Bates Technical College,530600
Lake Washington Institute of Technology,537300
Lower Columbia College,378200
North Seattle College,970400
Northwest University,378300
Olympic College,378400
Perry Technical Institute,938700
Pacific Lutheran University,378500
Peninsula College,378600
University of Puget Sound,379700
Renton Technical College,1043400
Saint Martin's University,379400
South Seattle College,970600
Seattle Central College,378700
Seattle Pacific University,378800
Seattle University,379000
Shoreline Community College,379100
Skagit Valley College,379200
South Puget Sound Community College,537200
Spokane Community College,379300
Spokane Falls Community College,954400
Tacoma Community College,379600
Walla Walla Community College,500600
Walla Walla University,379900
Washington State University,380000
University of Washington-Seattle Campus,379800
Wenatchee Valley College,380100
Western Washington University,380200
Whatcom Community College,1036400
Whitman College,380300
Whitworth University,380400
Yakima Valley College,380500
Alderson Broaddus University,380600
Bethany College,380800
Bluefield State College,380900
University of Charleston,381800
Concord University,381000
Davis & Elkins College,381100
Fairmont State University,381200
Glenville State University,381300
Marshall University,381500
West Virginia University at Parkersburg,382800
Salem University,382000
Shepherd University,382200
Southern West Virginia Community and Technical College,381600
West Virginia State University,382600
West Liberty University,382300
West Virginia Wesleyan College,383000
West Virginia Junior College-Morgantown,500700
West Virginia Northern Community College,905400
West Virginia University,382700
Wheeling University,383100
Alverno College,383200
Madison Area Technical College,400700
Beloit College,383500
Blackhawk Technical College,539000
Cardinal Stritch University,383700
Carroll University,383800
Carthage College,383900
Concordia University-Wisconsin,384200
Edgewood College,384800
Fox Valley Technical College,974400
Gateway Technical College,538900
Lakeland University,385400
Lakeshore Technical College,919400
Lawrence University,385600
Maranatha Baptist University,2317200
Marian University,386100
Marquette University,386300
Mid-State Technical College,538000
Milwaukee Area Technical College,386600
Milwaukee Institute of Art & Design,2077100
Milwaukee School of Engineering,386800
Moraine Park Technical College,925600
Mount Mary University,386900
Nicolet Area Technical College,538400
Northcentral Technical College,538700
Northeast Wisconsin Technical College,530100
Northland College,387500
Ripon College,388400
Saint Norbert College,389200
Southwest Wisconsin Technical College,766900
Viterbo University,391100
Chippewa Valley Technical College,530400
Waukesha County Technical College,529400
Western Technical College,384000
University of Wisconsin-Whitewater,392600
Northwood Technical College,1182400
University of Wisconsin-Eau Claire,391700
University of Wisconsin-Green Bay,389900
University of Wisconsin-La Crosse,391900
Wisconsin Lutheran College,2136600
University of Wisconsin-Oshkosh,392000
University of Wisconsin-Parkside,501500
Herzing University-Madison,962100
University of Wisconsin-Stout,391500
University of Wisconsin-Superior,392500
University of Wisconsin-Madison,389500
University of Wisconsin-Milwaukee,389600
University of Wisconsin-Platteville,392100
University of Wisconsin-River Falls,392300
University of Wisconsin-Stevens Point,392400
Casper College,392800
Central Wyoming College,728900
Eastern Wyoming College,392900
Laramie County Community College,925900
Northwest College,393100
Northern Wyoming Community College District,393000
Western Wyoming Community College,393300
WyoTech,915700
University of Wyoming,393200
American Samoa Community College,1001000
Guam Community College,1536100
University of Guam,393500
Northern Marianas College,3033000
Universidad Adventista de las Antillas,501900
Atlantic University College,2505400
Universidad Central de Bayamon,502200
Columbia Central University-Caguas,890200
Albizu University-San Juan,1072400
Caribbean University-Bayamon,1252500
Pontifical Catholic University of Puerto Rico-Ponce,393600
Colegio Universitario de San Juan,1056700
Universidad Ana G. Mendez-Cupey Campus,2587500
Inter American University of Puerto Rico-San German,4254200
Inter American University of Puerto Rico-Aguadilla,393900
Inter American University of Puerto Rico-Arecibo,502600
Inter American University of Puerto Rico-Barranquitas,502700
Inter American University of Puerto Rico-Metro,394000
Inter American University of Puerto Rico-Ponce,502900
Inter American University of Puerto Rico-Fajardo,2282800
Inter American University of Puerto Rico-Guayama,2282700
Inter American University of Puerto Rico-Bayamon,502800
Liceo de Arte y Tecnologia,2195800
NUC University,2260600
University of Puerto Rico-Aguadilla,1212300
University of Puerto Rico-Arecibo,722800
University of Puerto Rico-Bayamon,1097500
University of Puerto Rico-Carolina,3016000
University of Puerto Rico-Cayey,720600
University of Puerto Rico-Humacao,394300
University of Puerto Rico-Utuado,1092200
University of Puerto Rico-Mayaguez,394400
University of Puerto Rico at Ponce,965200
University of Puerto Rico-Rio Piedras,710800
Universidad Ana G. Mendez-Carolina Campus,394100
Universidad del Sagrado Corazon,393700
Universidad Politecnica de Puerto Rico,2100000
Universidad Ana G. Mendez-Gurabo Campus,1171900
College of Micronesia-FSM,1034300
Palau Community College,1100900
University of the Virgin Islands,394600
Stanford University,130500
Purdue University-Main Campus,182500
EDP University of Puerto Rico Inc-San Juan,2165100
Georgia Piedmont Technical College,562200
Warren County Community College,2503900
Mid-America Christian University,694200
Francis Tuttle Technology Center,2222700
Central Technology Center,996400
Palo Alto College,2341300
Athens Technical College,560000
Beckfield College-Florence,2491100
Sussex County Community College,2568800
Collin County Community College District,2361400
Owensboro Community and Technical College,3034500
Moore Norman Technology Center,1227200
Tennessee College of Applied Technology Nashville,535900
ECPI University,1019800
Red River Technology Center,531200
Southern Union State Community College,104000
Platt College-Los Angeles,3062700
Douglas J Aveda Institute,2588200
St Charles Community College,2530600
University of Massachusetts Global,4161800
New College of Florida,3957400
Conservatory of Recording Arts and Sciences,3034400
University of Advancing Technology,2559000
Paradise Valley Community College,2623600
Chandler-Gilbert Community College,3072200
Canadian Valley Technology Center,996500
Pennsylvania College of Technology,339500
Suffolk County Community College,287800
Las Positas College,3035700
Ogeechee Technical College,3030000
Southern Technical College,2278800
California State University-San Marcos,3011300
NorthWest Arkansas Community College,3063300
Hodges University,3037500
Southeastern Technical College,3066500
Erwin Technical College,559400
Downey Adult School,563800
All-State Career-Baltimore,3493300
Kiamichi Technology Center-McAlester,920400
College of the Marshall Islands,3022400
Vista College-Online,2572800
Valley College-Martinsburg,2609400
National Aviation Academy of Tampa Bay,3035900
Northwest Indian College,2180000
Provo College,2360800
Hacienda La Puente Adult Education,565500
Hawaii Community College,525800
Estrella Mountain Community College,3156300
Heartland Community College,3083800
Everglades University,3108500
Seminar L'moros Bais Yaakov,2556700
The College of Health Care Professions-Northwest,3128100
UEI College-Gardena,3969600
Copper Mountain Community College,3542400
UEI College-Fresno,3113300
Santiago Canyon College,3695700
Southern California Institute of Technology,3113600
Summit College,3108100
Wabash Valley College,177900
Coconino Community College,3100400
ASA College,3095500
Carroll Community College,3100700
Florida National University-Main Campus,2547600
South Texas College,3103400
California State University-Monterey Bay,3260300
Academy for Nursing and Health Occupations,3346300
Capella University,3267300
Mech-Tech College,3025500
Pennsylvania Highlands Community College,3180400
Indian Capital Technology Center-Muskogee,1005300
Mid-America Technology Center,1153700
Northwest Vista College,3372300
Oconee Fall Line Technical College,3155500
York County Community College,3122900
Arkansas State University-Mountain Home,4254400
Columbia Gorge Community College,4151900
Arizona College of Nursing-Tempe,3115000
Advantage Technical College,3104400
Southeastern College-West Palm Beach,3123900
Klamath Community College,3428300
Colegio de Cinematografia Artes y Television,3157600
Institute of Technology,3067500
Career Networks Institute,3242300
Carolinas College of Health Sciences,3104200
Western Governors University,3339400
Florida Gulf Coast University,3255300
South Louisiana Community College,3956300
Community College of Baltimore County,206300
Blue Cliff College-Metairie,3294300
River Parishes Community College,3789400
Los Angeles Film School,4037300
Baton Rouge Community College,3730300
Midwest Technical Institute-Illinois,3368300
The College of Health Care Professions-Austin,3426300
Stratford University,2541200
Cascadia College,3483500
CBD College,3250300
Community Care College,3367400
Aviation Institute of Maintenance-Atlanta,3523300
Arkansas State University-Newport,4203400
Atenas College,3544300
Texas Barber College,2568100
Triad Education,3639300
Ultimate Medical Academy,3549300
Concorde Career College-Grand Prairie,3542300
Lamar Institute of Technology,3627300
Aviation Institute of Maintenance-Dallas,3573300
Nevada State College,4114300
California State University-Channel Islands,3980300
Pennsylvania College of Health Sciences,986300
St Louis College of Health Careers-Fenton,2340500
Grantham University,4122300
Tohono O'odham Community College,3784400
Southwest Institute of Healing Arts,3593300
University of Antelope Valley,3427500
South Florida Institute of Technology,3661400
West Coast University-Los Angeles,3698300
DigiPen Institute of Technology,3724300
Pierpont Community and Technical College,4038500
American College of Healthcare Sciences,4194400
Folsom Lake College,3871300
Auguste Escoffier School of Culinary Arts-Austin,3727600
Escuela Hotelera de San Juan,3751300
Nightingale College,3838300
Mountwest Community and Technical College,4041400
American InterContinental University,2113600
University of California-Merced,4127100
Neumont College of Computer Science,1009800
Roseman University of Health Sciences,4065300
Northwest Career College,3838500
Ave Maria University,3941300
Career Care Institute,3797400
Evergreen Beauty and Barber College-Everett,3917300
Southern Technical College,3903500
Stanbridge University,3889300
Universal Career School,3856300
Uta Mesivta of Kiryas Joel,3802300
Harrisburg University of Science and Technology,3948300
Blue Ridge Community and Technical College,3957300
AmeriTech College-Draper,2270800
New River Community and Technical College,3960300
Georgia Gwinnett College,4142900
American Career College-Ontario,3971300
Asher College,4057300
Mountainland Technical College,3413300
West Hills College-Lemoore,4111300
American Public University System,3819300
Columbia Southern University,4121500
Aveda Institute-South Florida,4119400
Aveda Institute-Tallahassee,4134800
Center for Allied Health Education,1161700
MyComputerCareer.edu-Columbus,4124500
Southwest University at El Paso,4131700
Dixie Technical College,4121700
Chamberlain University-Illinois,638500
Laurus College,4141400
Auguste Escoffier School of Culinary Arts-Boulder,3776300
Aspen University,4080300
Denver College of Nursing,4148300
Cambridge College of Healthcare & Technology,4083400
Celebrity School of Beauty,4145900
College of Western Idaho,4211800
Jersey College,4134100
Woodland Community College,4143800
Studio Academy of Beauty,4152900
Health And Style Institute,4120300
Midwestern Career College,4139000
Unitek College,4169700
Gurnick Academy of Medical Arts,4169800
Texas A&M University-San Antonio,4248500
Moreno Valley College,4173500
Norco College,4176100
American Sentinel College of Nursing and Health Sciences,4127700
National Paralegal College,4157400
Northeast Technology Center,2052700
New York Film Academy,4118800
Institute of Medical Careers,4155100
Meridian Institute of Surgical Assisting,4165000
Advanced Training Institute,4171000
Los Angeles Pacific University,4278800
CUNY Stella and Charles Guttman Community College,4210100
American Medical Academy,4192100
Be'er Yaakov Talmudic Seminary,4192800
Rio Grande Valley College,4193000
FVI School of Nursing and Technology,4206300
Colorado State University-Global Campus,4208700
Advanced Career Institute,4208900
MyComputerCareer.edu-Raleigh,4206500
Augusta University,157900
Middle Georgia State University,158100
DeVry University-Illinois,1072700
University of North Georgia,158500
South Georgia State College,159200
Florida Polytechnic University,4263400
Texas A&M University-Central Texas,4229500
Central Georgia Technical College,576300
Louisiana Delta Community College,4130100
California Technical Academy,4221900
Ana G. Mendez University,4240400
Philadelphia Technician Training,4221300
High Desert Medical College,4228100
University of Phoenix-Arizona,2098800
University of North Texas at Dallas,4242100
BridgeValley Community & Technical College,4038600
Georgia Military College,157100
Coastal Pines Technical College,551100
Kennesaw State University,157700
Milligan University,351100
Southern Regional Technical College,561500
Fortis College-Cuyahoga Falls,941200
Texas State Technical College,363400
Husson University,204300
Arclabs,4222000
Martinsburg College,4242900
Sonoran Desert Institute,4244900
Northeast Lakeview College,4263600
Teachers College of San Joaquin,4224800
Tulsa Technology Center,531100
Clovis Community College,4253400
Purdue University Global,458600
HCI College,4182600
Westcliff University,4249600
Purdue University Northwest,182700
Contra Costa Medical Career College,4274900
University of Arkansas System eVersity,4280200
The Pennsylvania State University,332900
